<?xml version="1.0" encoding="UTF-8"?>
<rss version="2.0" xmlns:atom="http://www.w3.org/2005/Atom">
  <channel>
    <title>Algorithm Test</title>
    <description>Loucuras com o Jekyll. É hora do show, porra</description>
    <link>http://yourdomain.com/</link>
    <atom:link href="http://yourdomain.com/feed.xml" rel="self" type="application/rss+xml"/>
    <pubDate>Mon, 23 May 2016 23:43:45 -0300</pubDate>
    <lastBuildDate>Mon, 23 May 2016 23:43:45 -0300</lastBuildDate>
    <generator>Jekyll v3.1.6</generator>
    
  </channel>
</rss>
